{
    "n_steps": 100,
    "epsilon": 0.9990300000000044,
    "best_score": 0.00475609756097561,
    "scores": [
        0.47560975609756095,
        60.716494736444986
    ],
    "eps_history": [
        1.0,
        0.9990300000000044
    ],
    "step_array": [
        0,
        100
    ]
}