{"cameraMode":{"drawMode":0,"name":"Shaded","section":"Shading Mode"},"sceneLighting":true,"audioPlay":false,"sceneViewState":{"m_AlwaysRefresh":false,"showFog":true,"showSkybox":true,"showFlares":true,"showImageEffects":true,"showParticleSystems":true,"showVisualEffectGraphs":true,"m_FxEnabled":true},"in2DMode":false,"pivot":{"x":130.01907348632813,"y":0.6439999341964722,"z":356.880126953125},"rotation":{"x":0.23332172632217408,"y":0.007878259755671025,"z":-0.001890357700176537,"w":0.972366452217102},"size":1.58587646484375,"orthographic":false}